"","start.station.id","start.station.latitude","start.station.longitude","hire"
"1",363,40.70834698,-74.01713445,2315
"2",3182,40.686931,-74.016966,2
"3",2008,40.70569254,-74.01677685,3029
"4",3239,40.6465383670965,-74.0165877342224,33
"5",327,40.7153379,-74.01658354,4059
"6",3002,40.711512,-74.015756,4462
"7",3348,40.677236,-74.015665,344
"8",3644,40.6758162252283,-74.0148818492889,449
"9",3254,40.6923166071919,-74.0148657560349,6
"10",427,40.701907,-74.013942,1486
"11",304,40.70463334,-74.01361706,2882
"12",426,40.71754834,-74.01322069,5484
"13",309,40.7149787,-74.013012,2143
"14",3347,40.6773429,-74.01275056,478
"15",534,40.70255065,-74.0127234,1307
"16",259,40.70122128,-74.01234218,1667
"17",3337,40.673635513415,-74.0119555592537,144
"18",260,40.70365182,-74.01167797,1069
"19",3256,40.7277140777778,-74.011295735836,2886
"20",3461,40.7148515052625,-74.0112233161926,2076
"21",3344,40.679043,-74.011169,464
"22",3477,40.6553997744783,-74.0106278657913,134
"23",276,40.71748752,-74.0104554,1418
"24",195,40.70905623,-74.01043382,2532
"25",3664,40.7201952143746,-74.0103006362915,2392
"26",417,40.71291224,-74.01020234,3358
"27",3340,40.6753274,-74.0100698,154
"28",328,40.72405549,-74.00965965,2254
"29",3342,40.6777748,-74.0094613,159
"30",319,40.711066,-74.009447,2497
"31",415,40.7047177,-74.00926027,1485
"32",152,40.71473993,-74.00910627,268
"33",146,40.71625008,-74.0091059,1807
"34",249,40.71870987,-74.0090009,1169
"35",360,40.70717936,-74.00887308,1243
"36",3352,40.6726724341095,-74.0087952464819,233
"37",3478,40.6570886666848,-74.0087020397186,539
"38",3392,40.6812117,-74.00860912,251
"39",238,40.7361967,-74.00859207,548
"40",347,40.728846,-74.008591,3483
"41",337,40.7037992,-74.00838676,1158
"42",405,40.739323,-74.008119,3673
"43",3393,40.6794327,-74.00785041,245
"44",459,40.746745,-74.007756,4646
"45",248,40.72185379,-74.00771779,790
"46",3333,40.6747055,-74.0075572,39
"47",3472,40.742753828659,-74.0074735879898,2096
"48",264,40.70706456,-74.00731853,1385
"49",376,40.70862144,-74.00722156,1432
"50",358,40.73291553,-74.00711384,5219
"51",212,40.74334935,-74.00681753,2872
"52",127,40.73172428,-74.00674436,3762
"53",315,40.70355377,-74.00670227,3003
"54",79,40.71911552,-74.00666661,1811
"55",316,40.70955958,-74.00653609,1324
"56",3394,40.6769993,-74.00647134,65
"57",346,40.73652889,-74.00618026,3163
"58",351,40.70530954,-74.00612572,1485
"59",377,40.72243797,-74.00566443,2614
"60",330,40.71450451,-74.00562789,1694
"61",320,40.717571,-74.005549,1558
"62",306,40.70823502,-74.00530063,1366
"63",458,40.751396,-74.005226,3230
"64",3224,40.7399735410341,-74.0051387250423,4135
"65",3330,40.6725058,-74.00494695,114
"66",247,40.73535398,-74.00483091,1982
"67",387,40.71273266,-74.0046073,4729
"68",462,40.74691959,-74.00451887,4379
"69",3659,40.7429489166009,-74.0041369199753,2003
"70",3474,40.7252556952547,-74.0041208267212,2580
"71",3658,40.7435337324616,-74.0036755800247,1893
"72",3489,40.7106999463139,-74.003541469574,907
"73",3389,40.6830456,-74.00348559,613
"74",3669,40.6763035763418,-74.0031404793262,130
"75",128,40.72710258,-74.00297088,4138
"76",388,40.749717753,-74.002950346,2756
"77",380,40.73401143,-74.00293877,872
"78",514,40.76087502,-74.00277668,4742
"79",3441,40.752957,-74.00264,276
"80",284,40.7390169121,-74.0026376103,1641
"81",257,40.71939226,-74.00247214,1729
"82",3422,40.6859296,-74.00242364,698
"83",2010,40.72165481,-74.00234737,2484
"84",386,40.71494807,-74.00234482,1652
"85",3258,40.7501815632568,-74.0021842718124,3236
"86",368,40.73038599,-74.00214988,4902
"87",525,40.75594159,-74.0021163,2337
"88",509,40.7454973,-74.00197139,3754
"89",3326,40.67434,-74.00194698,141
"90",279,40.707873,-74.00167,2022
"91",3311,40.68763155,-74.0016256,686
"92",3660,40.7410215090027,-74.001384973526,5121
"93",383,40.735238,-74.000271,3915
"94",369,40.73224119,-74.00026394,2233
"95",82,40.71117416,-74.00016545,657
"96",3396,40.6783563,-74.00014502,652
"97",470,40.74345335,-74.00004031,2430
"98",398,40.69165183,-73.9999786,1320
"99",223,40.73781509,-73.99994661,47
"100",3388,40.6828003,-73.99990419,567
"101",355,40.71602118,-73.99974372,2214
"102",268,40.71910537,-73.99973337,2741
"103",303,40.72362738,-73.99949601,2672
"104",482,40.73935542,-73.99931783,4742
"105",3259,40.7493702419328,-73.9992338418961,2335
"106",3315,40.6847514,-73.99917254,1083
"107",453,40.74475148,-73.99915362,3870
"108",336,40.73047747,-73.99906065,2991
"109",3386,40.6809591,-73.99905709,575
"110",478,40.76030096,-73.99884222,2780
"111",3397,40.6763947,-73.99869893,572
"112",252,40.73226398,-73.99852205,2287
"113",308,40.71307916,-73.99851193,1459
"114",161,40.72917025,-73.99810231,3908
"115",254,40.73532427,-73.99800419,3676
"116",448,40.75660359,-73.9979009,2585
"117",3398,40.6746957,-73.99785768,802
"118",3321,40.6831164,-73.99785267,732
"119",334,40.74238787,-73.99726235,2651
"120",151,40.722103786686,-73.997249007225,4499
"121",494,40.74734825,-73.99723551,3438
"122",3180,40.69878,-73.99712,893
"123",296,40.71413089,-73.9970468,1886
"124",345,40.73649403,-73.99704374,309
"125",2009,40.71117444,-73.99682619,1232
"126",508,40.76341379,-73.99667444,2451
"127",3260,40.7270636334831,-73.9966213703155,3357
"128",3308,40.6861758,-73.99645295,829
"129",157,40.69089272,-73.99612349,1182
"130",3427,40.7243052725033,-73.9960098266602,3744
"131",3384,40.6787242,-73.99599099,756
"132",3435,40.718822,-73.99596,4253
"133",406,40.69512845,-73.99595065,1392
"134",216,40.70037867,-73.99548059,577
"135",446,40.74487634,-73.99529885,3971
"136",3408,40.6881529,-73.99520919,913
"137",3635,40.7546232402911,-73.9951676130295,2326
"138",280,40.73331967,-73.99510132,412
"139",3244,40.7314372408523,-73.9949034154415,3773
"140",251,40.72317958,-73.99480012,3044
"141",3382,40.680611,-73.99475825,1160
"142",3255,40.7505853470215,-73.9946848154068,6764
"143",3432,40.6690601350111,-73.9946365356445,58
"144",515,40.76009437,-73.99461843,2702
"145",168,40.73971301,-73.99456405,4559
"146",253,40.73543934,-73.99453948,142
"147",3303,40.6849894,-73.99440329,523
"148",412,40.7158155,-73.99422366,2613
"149",435,40.74173969,-73.99415556,7134
"150",335,40.72903917,-73.99404649,3107
"151",408,40.71076228,-73.99400398,1082
"152",490,40.751551,-73.993934,5817
"153",72,40.76727216,-73.99392888,2385
"154",442,40.746647,-73.993915,4148
"155",217,40.70277159,-73.99383605,1768
"156",3298,40.686371,-73.99383324,769
"157",3236,40.7589848139963,-73.9937996864319,2964
"158",229,40.72743423,-73.99379025,4946
"159",3381,40.6777287,-73.99364123,404
"160",391,40.69760127,-73.99344559,1899
"161",143,40.69239502,-73.99337909,1545
"162",3324,40.6685455,-73.99333264,379
"163",3401,40.6724811,-73.99331394,251
"164",3329,40.6829151,-73.99318208,625
"165",495,40.76269882,-73.99301222,2560
"166",295,40.71406667,-73.99293911,1696
"167",531,40.71893904,-73.99266288,3310
"168",496,40.73726186,-73.99238967,3998
"169",3402,40.6902375,-73.99203074,1617
"170",382,40.73492695,-73.99200509,5702
"171",331,40.71173107,-73.99193043,1117
"172",473,40.72110063,-73.9919254,1714
"173",361,40.71605866,-73.99190759,2723
"174",3242,40.6910292567797,-73.991833627224,1108
"175",379,40.749156,-73.9916,4777
"176",357,40.73261787,-73.99158043,1910
"177",265,40.72229346,-73.99147535,2918
"178",407,40.700469,-73.991454,819
"179",466,40.74395411,-73.99144871,3656
"180",523,40.75466591,-73.99138152,5614
"181",479,40.76019252,-73.9912551,3692
"182",322,40.696192,-73.991218,984
"183",293,40.7302066052995,-73.9910262823105,5230
"184",529,40.7575699,-73.99098507,3256
"185",492,40.75019995,-73.99093085,4939
"186",3332,40.681990442707,-73.9907902479172,462
"187",3263,40.7295149622495,-73.990752696991,4826
"188",285,40.73454567,-73.99074142,6087
"189",403,40.72502876,-73.99069656,2707
"190",3409,40.6867443,-73.99063168,2147
"191",480,40.76669671,-73.99061728,2524
"192",530,40.771522,-73.990541,3147
"193",314,40.69383,-73.990539,1331
"194",3322,40.668603,-73.9904394,272
"195",3377,40.6786115,-73.99037292,754
"196",232,40.69597683,-73.99014892,902
"197",497,40.73704984,-73.99009296,7753
"198",477,40.75640548,-73.9900262,6270
"199",401,40.72019576,-73.98997825,2939
"200",307,40.71427487,-73.98990025,3180
"201",3399,40.6726029815013,-73.9898300170898,346
"202",439,40.7262807,-73.98978041,3563
"203",321,40.69991755,-73.98971773,1633
"204",402,40.7403432,-73.98955109,7939
"205",3440,40.6924182925785,-73.989494740963,1919
"206",2000,40.70255088,-73.98940236,2068
"207",3641,40.7428687731211,-73.9891862869263,5231
"208",310,40.68926942,-73.98912867,1120
"209",312,40.722055,-73.989111,3100
"210",3421,40.6843549,-73.98901629,324
"211",3319,40.666287,-73.98895053,596
"212",483,40.73223272,-73.98889957,3701
"213",3173,40.777507027548,-73.9888858795166,1677
"214",3403,40.6705135,-73.98876585,584
"215",513,40.768254,-73.988639,1886
"216",2021,40.75929124,-73.98859651,3284
"217",486,40.7462009,-73.98855723,3736
"218",505,40.74901271,-73.98848395,4858
"219",498,40.74854862,-73.98808416,3988
"220",422,40.770513,-73.988038,1930
"221",311,40.7172274,-73.98802084,2017
"222",3463,40.7353670556054,-73.9879739284515,2733
"223",450,40.76227205,-73.98788205,3933
"224",340,40.71269042,-73.98776323,1266
"225",3373,40.6750705,-73.98775226,760
"226",414,40.70281858,-73.98765762,1056
"227",3407,40.6790979972168,-73.9876547455788,621
"228",267,40.75097711,-73.98765428,2564
"229",3410,40.6864442,-73.98759104,607
"230",3176,40.77452835,-73.98753759,1543
"231",362,40.75172632,-73.98753523,1670
"232",503,40.73827428,-73.98751968,1086
"233",533,40.75299641,-73.98721619,2272
"234",392,40.695065,-73.987167,1608
"235",236,40.7284186,-73.98713956,3287
"236",350,40.71559509,-73.9870295,1809
"237",3317,40.6686273,-73.98700053,353
"238",297,40.734232,-73.986923,3582
"239",423,40.76584941,-73.98690506,2261
"240",474,40.7451677,-73.98683077,3537
"241",3674,40.7014031725772,-73.9867267012596,2053
"242",237,40.73047309,-73.98672378,3427
"243",465,40.75513557,-73.98658032,4769
"244",323,40.69236178,-73.98631746,1863
"245",3411,40.6849668,-73.98620772,765
"246",491,40.74096374,-73.98602213,4105
"247",3656,40.7230774906867,-73.9858362078667,2313
"248",438,40.72779126,-73.98564945,3208
"249",3166,40.7805779901033,-73.9856243133545,1607
"250",3313,40.6663181,-73.9854617,425
"251",3404,40.6704922,-73.98541675,496
"252",410,40.72066442,-73.98517977,3033
"253",447,40.76370739,-73.9851615,3068
"254",3371,40.6746134224758,-73.9850114285946,343
"255",526,40.74765947,-73.98490707,3020
"256",291,40.713126,-73.984844,1157
"257",278,40.69766564,-73.98476437,503
"258",325,40.73624527,-73.98473765,2789
"259",3356,40.7746671,-73.98470567,1176
"260",173,40.7606832709659,-73.9845272898674,3992
"261",3486,40.6884174275408,-73.9845165610313,1200
"262",3420,40.6802133,-73.98432695,839
"263",390,40.69221589,-73.9842844,1144
"264",326,40.72953837,-73.98426726,3002
"265",537,40.74025878,-73.98409214,4540
"266",3310,40.663779,-73.98396846,697
"267",432,40.72621788,-73.98379855,5038
"268",3304,40.668127,-73.98377641,716
"269",301,40.72217444,-73.98368779,2507
"270",3178,40.78414472,-73.98362492,936
"271",261,40.69474881,-73.98362464,868
"272",3368,40.6728155,-73.98352355,920
"273",485,40.75038009,-73.98338988,2874
"274",500,40.76228826,-73.98336183,2329
"275",349,40.71850211,-73.98329859,1304
"276",524,40.75527307,-73.98316936,2800
"277",3232,40.6896218879033,-73.9830426871777,1170
"278",546,40.74444921,-73.98303529,2767
"279",3412,40.6853761,-73.98302136,611
"280",3175,40.77748046,-73.98288594,2026
"281",3335,40.6772744,-73.98282002,978
"282",469,40.76344058,-73.98268129,2381
"283",3159,40.77492513,-73.98266566,2836
"284",3158,40.77163851,-73.98261428,3134
"285",356,40.71622644,-73.98261206,1495
"286",3413,40.6827549,-73.98258555,575
"287",418,40.70224,-73.982578,776
"288",3466,40.7566872060318,-73.9825773239136,2413
"289",3245,40.7164442313448,-73.9823305606842,1
"290",540,40.7431155537649,-73.9821535348892,3167
"291",3405,40.6704836,-73.98208968,458
"292",461,40.73587678,-73.98205027,3225
"293",3306,40.6662078,-73.98199886,650
"294",472,40.7457121,-73.98194829,4099
"295",468,40.7652654,-73.98192338,3204
"296",499,40.76915505,-73.98191841,5919
"297",317,40.72453734,-73.98185424,2554
"298",400,40.71926081,-73.98178024,605
"299",457,40.76695317,-73.98169333,5040
"300",504,40.73221853,-73.98165557,4332
"301",3419,40.6792788,-73.98154004,702
"302",3364,40.6751622,-73.9814832,690
"303",445,40.72740794,-73.98142006,3695
"304",502,40.714215,-73.981346,2130
"305",239,40.69196566,-73.9813018,1874
"306",3169,40.78720869,-73.98128127,1086
"307",3643,40.7527220138119,-73.9812362194061,1014
"308",324,40.689888,-73.981013,1260
"309",3162,40.78339981,-73.98093133,1531
"310",3167,40.7796680900731,-73.9809304475784,3360
"311",150,40.7208736,-73.98085795,1829
"312",144,40.69839895,-73.98068914,456
"313",433,40.72955361,-73.98057249,3651
"314",2003,40.7338121919663,-73.9805442094803,2983
"315",3455,40.6868082050343,-73.9803618192673,605
"316",3680,40.7541208107793,-73.9802518486977,508
"317",342,40.71739973,-73.98016555,1470
"318",484,40.75500254,-73.98014437,2921
"319",393,40.72299208,-73.97995466,1451
"320",2001,40.699773,-73.979927,382
"321",3235,40.752165280622,-73.9799219369888,1782
"322",3297,40.6686627,-73.97988067,509
"323",3443,40.7613298312481,-73.9798200130463,4285
"324",507,40.73912601,-73.97973776,3592
"325",476,40.74394314,-73.97966069,2924
"326",332,40.71219906,-73.97948148,1240
"327",3423,40.6610633719006,-73.9794525504112,1841
"328",243,40.688226,-73.979382,715
"329",3164,40.7770575,-73.97898475,3970
"330",467,40.68312489,-73.97895137,1560
"331",3632,40.7280485713626,-73.9788115024567,2789
"332",3361,40.6740886,-73.9787282,800
"333",3360,40.7829391,-73.9786517,1881
"334",3417,40.6795766,-73.97854971,816
"335",3339,40.6765304,-73.97846879,539
"336",3365,40.6703837,-73.97839676,866
"337",3458,40.763093872708,-73.9783501625061,2928
"338",545,40.736502,-73.97809472,3618
"339",3233,40.7572456791173,-73.978059142828,3673
"340",119,40.69608941,-73.97803415,201
"341",302,40.72082834,-73.97793172,1553
"342",517,40.751581,-73.97791,3906
"343",3429,40.6850680730818,-73.9779075980186,2634
"344",3431,40.746524,-73.977885,2001
"345",3163,40.7734066,-73.97782542,3697
"346",519,40.751873,-73.977706,11383
"347",394,40.72521311,-73.97768752,2389
"348",3172,40.7785669,-73.97754961,1465
"349",174,40.7381765,-73.97738662,2727
"350",3161,40.7801839724239,-73.9772853255272,2161
"351",3434,40.7902541733042,-73.9771834015846,978
"352",3177,40.7867947,-73.977112,1441
"353",528,40.74290902,-73.97706058,2631
"354",245,40.69327018,-73.97703874,485
"355",3437,40.7931348098666,-73.9770036935806,788
"356",2012,40.739445,-73.976806,2234
"357",411,40.72228087,-73.97668709,1337
"358",274,40.68691865,-73.976682,1160
"359",3171,40.78524672,-73.97667321,1899
"360",520,40.75992262,-73.97648516,2743
"361",3300,40.6651468153379,-73.9763760566711,794
"362",2006,40.76590936,-73.97634151,5254
"363",83,40.68382604,-73.97632328,897
"364",341,40.71782143,-73.97628939,615
"365",3165,40.7757937668367,-73.9762057363987,3699
"366",527,40.744023,-73.976056,3773
"367",167,40.7489006,-73.97604882,2718
"368",266,40.72368361,-73.97574813,1067
"369",487,40.73314259,-73.97573881,3121
"370",3414,40.6809447234773,-73.9756733179092,848
"371",536,40.74144387,-73.97536082,3213
"372",3346,40.6751468387098,-73.9752320945263,1033
"373",3415,40.6793307,-73.97519523,590
"374",359,40.75510267,-73.97498696,5284
"375",241,40.68981035,-73.97493121,912
"376",3358,40.6711978,-73.97484126,739
"377",3468,40.7303801,-73.9747502,43
"378",3485,40.725208,-73.974724,2
"379",3285,40.78839,-73.9747,1266
"380",353,40.68539567,-73.97431458,616
"381",339,40.72580614,-73.97422494,816
"382",3307,40.7941654,-73.974124,900
"383",456,40.7597108,-73.97402311,1959
"384",3293,40.7921,-73.9739,1171
"385",3663,40.6771648946906,-73.973827958107,996
"386",3160,40.77896784,-73.97374737,1945
"387",242,40.697787,-73.973736,915
"388",262,40.6917823,-73.9737299,819
"389",281,40.7643971,-73.97371465,5892
"390",3354,40.668132,-73.97363831,1211
"391",419,40.69580705,-73.97355569,545
"392",518,40.74780373,-73.9734419,3539
"393",3289,40.7901794809508,-73.9728891849518,973
"394",3170,40.78499979,-73.97283406,2032
"395",440,40.75255434,-73.97282625,2158
"396",416,40.68753406,-73.97265183,977
"397",3457,40.7630259428052,-73.9720952510834,1254
"398",522,40.75714758,-73.97207836,2043
"399",3314,40.7937704,-73.971888,1581
"400",228,40.7546011026,-73.971878855,1685
"401",270,40.69308257,-73.97178913,1250
"402",3136,40.766368,-73.971518,970
"403",3462,40.7511838746328,-73.9713871479034,1316
"404",3226,40.78275,-73.97137,1778
"405",421,40.69573398,-73.97129668,419
"406",501,40.744219,-73.97121214,3044
"407",3331,40.8013434,-73.9711457439,852
"408",3418,40.6750207,-73.97111473,1364
"409",3132,40.76350532,-73.97109243,1768
"410",3537,40.6809741,-73.9710097,576
"411",2005,40.70531194,-73.97100056,96
"412",3349,40.6729679,-73.97087984,1556
"413",3648,40.6979503156954,-73.970775604248,837
"414",3283,40.7882213,-73.97041561,1827
"415",3350,40.7973721,-73.97041192,1541
"416",164,40.75323098,-73.97032517,1759
"417",2023,40.75968085,-73.97031366,1580
"418",343,40.69794,-73.96986848,685
"419",420,40.68764484,-73.96968902,751
"420",3168,40.78472675,-73.96961715,2761
"421",3459,40.7576322773944,-73.9693057537079,1862
"422",397,40.68415748,-73.96922273,502
"423",455,40.75001986,-73.96905301,2066
"424",3576,40.6767,-73.969024,965
"425",366,40.693261,-73.968896,1374
"426",258,40.68940747,-73.96885458,1254
"427",3223,40.7589965596051,-73.9686539769173,2393
"428",3355,40.7680088930595,-73.9684528112411,689
"429",282,40.7076449441757,-73.9684152603149,1167
"430",3366,40.8021174,-73.9681805305,812
"431",3301,40.7919557,-73.968087,1713
"432",3558,40.6794388,-73.9680438,785
"433",516,40.75206862,-73.96784384,1233
"434",313,40.69610226,-73.96751037,865
"435",441,40.756014,-73.967416,2503
"436",305,40.76095756,-73.96724467,2808
"437",3581,40.6740123,-73.9671457,723
"438",3359,40.7691572,-73.96703464,753
"439",3383,40.804213,-73.96699104,1286
"440",3137,40.77282817,-73.96685276,2694
"441",3155,40.76440023,-73.96648977,1349
"442",3357,40.8008363,-73.9664492472,858
"443",3316,40.7989937,-73.9662173778,782
"444",3637,40.6832386546034,-73.9659959077835,898
"445",454,40.75455731,-73.96592976,1310
"446",3231,40.7678008014813,-73.9659208059311,806
"447",460,40.71285887,-73.96590294,2131
"448",3574,40.6769694,-73.96579,500
"449",275,40.68650065,-73.96563307,639
"450",244,40.69196035,-73.96536851,1077
"451",3134,40.76312584,-73.96526895,1325
"452",389,40.71044554,-73.96525063,1353
"453",3552,40.805973,-73.964928,813
"454",3295,40.79127,-73.964839,2028
"455",399,40.68851534,-73.9647628,1011
"456",3544,40.6804836,-73.9646795,506
"457",3328,40.795,-73.9645,896
"458",3302,40.7969347,-73.9643412291,377
"459",3143,40.7763214218227,-73.9642739295959,2068
"460",3536,40.8082,-73.9641,1015
"461",3139,40.7711828754066,-73.9640942215919,1099
"462",443,40.70853074,-73.96408963,341
"463",3623,40.8109494,-73.9634,607
"464",2002,40.716887,-73.963198,2011
"465",3580,40.6737236,-73.9631611,565
"466",3583,40.6716493,-73.9631145,699
"467",3049,40.68488,-73.96304,446
"468",3538,40.802692,-73.96295,839
"469",3320,40.7940666081855,-73.9628684520721,1272
"470",481,40.71260486,-73.96264403,1353
"471",3549,40.678045,-73.962408,611
"472",3243,40.7589238637769,-73.9622622728348,1736
"473",3131,40.7671284034954,-73.9622461795807,957
"474",354,40.69363137,-73.96223558,938
"475",3378,40.773763,-73.96222088,1185
"476",3376,40.7647185194434,-73.962220698595,941
"477",3343,40.7997568,-73.9621128676,607
"478",3341,40.795346,-73.96186,822
"479",3587,40.6686744,-73.9618148,226
"480",3016,40.7203677529846,-73.9616507291794,2831
"481",365,40.68223166,-73.9614583,714
"482",3545,40.8120562,-73.9612547,422
"483",3152,40.76873687,-73.96119945,727
"484",3142,40.7612274,-73.96094022,2634
"485",3582,40.6721683,-73.9609,264
"486",532,40.710451,-73.960876,2448
"487",3539,40.8067581,-73.9607082,1316
"488",3362,40.7781314,-73.96069399,1219
"489",3078,40.7092482627616,-73.9606314897537,1072
"490",3375,40.7699426,-73.96060712,663
"491",3323,40.7981856,-73.9605909006,1240
"492",3599,40.66314,-73.9605695,481
"493",3661,40.6664393068708,-73.9605563879013,101
"494",3120,40.74161,-73.96044,374
"495",539,40.71534825,-73.96024116,2281
"496",364,40.68900443,-73.96023854,984
"497",3469,40.7318140172097,-73.9599502086639,390
"498",3542,40.8086249,-73.9596214,726
"499",3562,40.6765198,-73.9596082,632
"500",3282,40.78307,-73.95939,2965
"501",120,40.68676793,-73.95928168,634
"502",2022,40.759107,-73.959223,589
"503",3547,40.8143256,-73.9590255,731
"504",3144,40.77677702,-73.9590097,420
"505",289,40.6845683,-73.95881081,506
"506",3590,40.6679411,-73.9588,88
"507",3546,40.6791944,-73.9587903,242
"508",3117,40.73564,-73.95866,721
"509",3092,40.7190095,-73.95852515,1654
"510",3093,40.71745169,-73.95850939,2494
"511",3438,40.7722485377217,-73.9584213495255,849
"512",3116,40.73266,-73.95826,911
"513",3141,40.76500525,-73.95818491,3702
"514",372,40.694546087246,-73.9580136537552,504
"515",3075,40.70708701,-73.95796783,177
"516",3103,40.72153267,-73.95782357,702
"517",3112,40.72906,-73.95779,1818
"518",3135,40.77112927,-73.95772297,916
"519",3145,40.77862688,-73.95772073,1075
"520",3584,40.6707767,-73.9576801,770
"521",3613,40.745038,-73.957539,512
"522",3292,40.7857851,-73.957481,1083
"523",3596,40.6642406,-73.9574686,48
"524",3085,40.71469,-73.95739,905
"525",3543,40.81028506306,-73.9573645591736,207
"526",3553,40.801694,-73.957145,1132
"527",471,40.71286844,-73.95698119,895
"528",3601,40.6627059,-73.9569115,126
"529",3146,40.77573034,-73.9567526,1042
"530",3631,40.666563,-73.956741,90
"531",3608,40.7423737,-73.9566,202
"532",3578,40.6741806,-73.9564947,292
"533",3541,40.813358,-73.956461,274
"534",409,40.6906495,-73.95643107,509
"535",3447,40.7670343230987,-73.9562273025513,1364
"536",3109,40.72606,-73.95621,988
"537",3569,40.6758324,-73.9561677,567
"538",3080,40.70934,-73.95608,552
"539",3090,40.71774592,-73.95600096,2124
"540",3284,40.78141070019,-73.9559590816498,717
"541",3122,40.7443632870669,-73.9558732509613,281
"542",3370,40.7727966,-73.95577801,770
"543",396,40.680342423,-73.9557689392,519
"544",3105,40.724055,-73.955736,618
"545",3673,40.6775920693738,-73.955637216568,84
"546",3374,40.799484,-73.955613,1899
"547",3585,40.6691783,-73.9554162,137
"548",3294,40.7835016,-73.955327,789
"549",3540,40.81,-73.9551508,357
"550",3115,40.73232194,-73.9550858,886
"551",3101,40.72079821,-73.95484712,833
"552",3372,40.7689738,-73.95482273,1499
"553",3534,40.805159,-73.954692,1139
"554",3124,40.74731,-73.95451,986
"555",3073,40.70691254,-73.95441667,380
"556",3671,40.7747794489573,-73.9542746543884,904
"557",3579,40.672695,-73.954131,367
"558",3119,40.74232744,-73.95411749,1595
"559",3147,40.77801203,-73.95407149,2232
"560",436,40.68216564,-73.95399026,415
"561",3113,40.73026,-73.95394,1198
"562",3604,40.6630619,-73.9538746,194
"563",373,40.69331716,-73.95381995,328
"564",344,40.6851443,-73.95380904,673
"565",3336,40.787801,-73.953559,1106
"566",3140,40.77140426,-73.9535166,2412
"567",3156,40.76663814,-73.95348296,1854
"568",3611,40.7449067,-73.9534573,487
"569",3649,40.8143944379158,-73.9532473683357,188
"570",3511,40.802535,-73.9532423,282
"571",3508,40.809725,-73.953149,875
"572",3110,40.72708584,-73.95299117,1262
"573",3571,40.676368,-73.952918,495
"574",3118,40.73555,-73.95284,932
"575",3367,40.7922553,-73.95249933,1355
"576",3345,40.7894854155321,-73.9524292945862,628
"577",3096,40.71924,-73.95242,1054
"578",3063,40.69527008,-73.95238108,225
"579",3087,40.71413311,-73.95234386,1015
"580",3521,40.7987859,-73.9523,1375
"581",3286,40.7806284,-73.9521667,1130
"582",3107,40.72311651,-73.95212324,1684
"583",3127,40.74966,-73.9521,216
"584",3299,40.78813,-73.95206,161
"585",3088,40.7160751,-73.952029,337
"586",3533,40.8114323,-73.9518776,484
"587",3520,40.804372,-73.951475,290
"588",3082,40.71167351,-73.95141312,892
"589",3056,40.69072549,-73.95133465,316
"590",3077,40.70877084,-73.95095259,825
"591",3055,40.6883337,-73.950916,294
"592",3148,40.77565541,-73.95068615,1313
"593",3325,40.7849032,-73.950503,303
"594",3102,40.72179134,-73.9504154,609
"595",3363,40.7904828,-73.95033068,408
"596",3065,40.70029511,-73.95032283,186
"597",3509,40.8011939,-73.9500739,523
"598",437,40.6809833854,-73.9500479759,1034
"599",3151,40.7728384,-73.94989233,1142
"600",3668,40.7239567849954,-73.9498436450958,808
"601",3125,40.74708586,-73.94977234,682
"602",3048,40.68402,-73.94977,300
"603",3071,40.70538077,-73.94976519,325
"604",3305,40.7811222993417,-73.9496558904648,1460
"605",3062,40.69539817,-73.94954908,420
"606",3387,40.7934337,-73.94945003,349
"607",3510,40.8078316,-73.949373,415
"608",3531,40.8125511,-73.9492286,306
"609",3453,40.7133522622288,-73.9491033554077,839
"610",3628,40.8025566,-73.9490782,175
"611",3296,40.7824541752799,-73.9489196240902,629
"612",3452,40.7191557169604,-73.9488539099693,578
"613",3606,40.74252,-73.948852,242
"614",3091,40.71764,-73.94882,280
"615",3288,40.778301,-73.9488134,208
"616",3309,40.7859201,-73.94860294,324
"617",3554,40.7552433,-73.9485678,204
"618",3456,40.7163803197356,-73.9482128620148,198
"619",3069,40.70411791,-73.94818595,287
"620",3150,40.77536905,-73.94803392,929
"621",3449,40.7214625622982,-73.9480090141296,400
"622",3053,40.6900815,-73.947915,192
"623",3620,40.7519071,-73.9479119,6
"624",3400,40.7961535,-73.94782145,640
"625",3629,40.8094953477795,-73.9477649331093,297
"626",3249,40.6803560840434,-73.9476791024208,426
"627",3379,40.7903051,-73.94755757,635
"628",3100,40.7248125644002,-73.947526216507,796
"629",3121,40.74524768,-73.94733276,311
"630",3327,40.7877214,-73.94728331,214
"631",3318,40.7839636,-73.9471673,1447
"632",3066,40.69957608,-73.94708417,354
"633",3454,40.7103685423523,-73.9470595121384,530
"634",3369,40.7724607,-73.9468208,790
"635",3072,40.70583339,-73.94644578,229
"636",3060,40.69425403,-73.94626915,298
"637",3615,40.748,-73.9460927,535
"638",3290,40.7779453,-73.946041,1222
"639",3424,40.791976,-73.945993,340
"640",3128,40.75052534,-73.94594845,228
"641",3312,40.7817212,-73.94594,869
"642",3535,40.804038,-73.945925,458
"643",3338,40.7862586,-73.94552579,364
"644",3057,40.69128258,-73.9452416,358
"645",3518,40.808442,-73.9452087,754
"646",3557,40.75742,-73.945133,43
"647",3095,40.71929301,-73.94500379,373
"648",3076,40.70870368,-73.9448625,566
"649",3094,40.7169811,-73.94485918,458
"650",3500,40.7989445,-73.944846,210
"651",3241,40.686203,-73.944694,455
"652",3086,40.715143,-73.944507,1433
"653",3157,40.77518615,-73.94446054,446
"654",3108,40.72557,-73.94434,1078
"655",3501,40.8014866,-73.9442507,231
"656",3502,40.7954121,-73.9441232,339
"657",3047,40.6823687,-73.944118,423
"658",3070,40.70510918,-73.94407279,231
"659",3081,40.711863,-73.944024,581
"660",3067,40.7016657,-73.9437303,403
"661",3061,40.69622937,-73.94371094,161
"662",3425,40.7892105,-73.94370784,641
"663",3130,40.75325964,-73.94335788,403
"664",3126,40.74718234,-73.9432635,828
"665",3390,40.79329668,-73.9432083,330
"666",3106,40.72325,-73.94308,961
"667",3529,40.8107922,-73.9430681,540
"668",3503,40.80295,-73.942954,188
"669",3494,40.797911,-73.9423,273
"670",3430,40.7190789117956,-73.9422369003296,802
"671",3054,40.6894932,-73.942061,368
"672",3492,40.8005385,-73.9419949,83
"673",3527,40.80698,-73.941747,223
"674",3351,40.7869946,-73.94164802,1093
"675",3551,40.795508,-73.941606,200
"676",3041,40.67890679,-73.94142771,289
"677",3179,40.698617,-73.941342,235
"678",3618,40.7485,-73.941275,294
"679",3565,40.7614376,-73.9411265,221
"680",3050,40.6851532,-73.94111,469
"681",3083,40.71247661,-73.94100005,530
"682",3129,40.75110165,-73.94073717,1608
"683",3068,40.7031724,-73.940636,419
"684",3074,40.70767788,-73.94016171,869
"685",3059,40.6933982,-73.939877,222
"686",3646,40.7631548191037,-73.9398550987244,132
"687",3506,40.8013066,-73.9398167,160
"688",3556,40.7527085,-73.9397405,317
"689",3507,40.8045555,-73.9396861,1297
"690",3391,40.7892529,-73.93956237,268
"691",3622,40.80756,-73.939182,279
"692",3559,40.7576314,-73.9391224,65
"693",3567,40.7627442,-73.9391141,67
"694",3493,40.799139,-73.9389152,241
"695",3044,40.6800105,-73.938475,125
"696",3496,40.7923272,-73.9383,562
"697",3046,40.682601,-73.938037,349
"698",3555,40.751047,-73.93797,493
"699",3504,40.8029263,-73.9379,261
"700",3064,40.69681963,-73.93756926,877
"701",3588,40.7671863,-73.9373554,281
"702",3490,40.796879,-73.937261,199
"703",3647,40.7412830935599,-73.9372587203979,128
"704",3058,40.69237074,-73.93705428,289
"705",3586,40.7638753,-73.9364848,80
"706",3625,40.7525758,-73.9364281,154
"707",3505,40.805726,-73.936322,121
"708",3564,40.7601853,-73.9362726,62
"709",3495,40.7945663,-73.9362541,203
"710",3052,40.686312,-73.935775,403
"711",3221,40.743,-73.93561,238
"712",3609,40.7692475,-73.9354504,246
"713",3123,40.74469738,-73.93540375,266
"714",3491,40.79747,-73.93504,276
"715",3043,40.6814598,-73.934903,145
"716",3499,40.8006721,-73.9349,209
"717",3589,40.7668,-73.9347774,196
"718",3560,40.754876,-73.934326,242
"719",3577,40.7628138,-73.9342862,204
"720",3610,40.770845,-73.934171,359
"721",3512,40.7747175,-73.9337894,50
"722",3654,40.7518695142187,-73.933492898941,203
"723",3497,40.7949879,-73.9333349,650
"724",3563,40.757186,-73.932719,302
"725",3607,40.7682,-73.9322662,184
"726",3566,40.7596276,-73.9321455,245
"727",3498,40.7974772,-73.9311847,183
"728",3621,40.7739825,-73.9309134,158
"729",3591,40.7659,-73.930819,285
"730",3575,40.76108,-73.930562,210
"731",3042,40.6794268,-73.9298911,328
"732",3592,40.7633589,-73.9286471,374
"733",3612,40.7703743,-73.9286078,155
"734",3653,40.7582046469676,-73.9283215999603,258
"735",3561,40.7531106,-73.9279917,227
"736",3514,40.7767,-73.927631,347
"737",3605,40.7658346,-73.9265474,357
"738",3568,40.7569332,-73.9262231,417
"739",3593,40.761584,-73.925921,877
"740",3614,40.768692,-73.9249574,410
"741",3619,40.7713615,-73.9246145,255
"742",3573,40.7580583,-73.9242751,197
"743",3603,40.7647,-73.9240312,365
"744",3513,40.774645,-73.923706,127
"745",3570,40.7557327,-73.9236611,341
"746",3524,40.7774552,-73.9225403,267
"747",3595,40.760339,-73.9222427,305
"748",3572,40.756913,-73.921631,515
"749",3602,40.763154,-73.920827,465
"750",3515,40.774591,-73.918544,222
"751",3516,40.7699176,-73.9184057,770
"752",3532,40.78145,-73.9183302,356
"753",3517,40.7711528,-73.9170074,340
"754",3617,40.7671,-73.9169858,356
"755",3662,40.7612938972891,-73.916916847229,280
"756",3597,40.7577284,-73.9166368,266
"757",3523,40.7729,-73.916142,191
"758",3525,40.776165,-73.9153175,122
"759",3530,40.7787185,-73.9145645,227
"760",3598,40.7595701,-73.9142678,192
"761",3616,40.7656251,-73.9136695,394
"762",3526,40.7747878,-73.9125551,663
"763",3522,40.7701477,-73.9120938,211
"764",3528,40.7713937,-73.9077436,212
"765",3488,45.5063640540114,-73.5694634914398,1
